{"parameters":{"text_panel":{"size":["95%","25%"],"position":[],"color":"rgba(242,242,242,0.7)","style":"border-radius:8px;backdrop-filter: blur(12px);","color_text":"#000","indent_text":"8px","indent_bottom":"32px","dialog_speed":"10","art":{"de":""}},"name_panel":{"size":["","32px"],"position":["0","0","-36px","0"],"style":"border-radius:8px;","indent_text":"0 8px","color_text":"#fff","align":["flex-start","center"],"color":"#000","art":{"de":""}},"title":"Alice","launch_story":"start","key":{},"languares":["de"],"buttons":[{"name":"tue_next","position":[0,"2.55%",0,"10.07%"],"size":["25%","25%"],"color_text":"#000","size_text":"28px","text":">","hotspot":["0%","0%"],"align":["flex-end","flex-end"],"indent_text":"8px 14px","art":{"de":""},"sound":{"de":""}},{"name":"tue_back","position":["2.5%",0,0,"32px"],"size":["25%","25%"],"color_text":"#000","size_text":"28px","text":"<","hotspot":["0%","0%"],"align":["flex-start","flex-end"],"indent_text":"8px 14px","art":{"de":""},"sound":{"de":""}}],"autosave":false,"font":"Arial","font_size":"18px","plugins":[],"characters":{},"style_file":"","icon":"","variables":{},"font_files":{},"sounds":{}},"blocks":{"start":["67.8281px","172.922px","block",false],"block2":["436.391px","167.297px","block",false]},"start":[{"dialogs":[{"text":"Hallo Dienstags-Welt ","go_to":"block2"}],"background_image":"alicebg.png"}],"block2":[{"background_image":"alicebg.png","dialogs":[{"text":"Alice stand aut einem sonnigen Hügel. Unter ihr weitete sich ein Tal. Bunte Ballons flogen darüber, so als wollten sie Alice zum Mitschweben einladen. ","back_to":"start"}]}]}